"","Estimate","Std. Error","t value","Pr(>|t|)","variable_name","Cohens_f2_partial_vec","Eta2_partial_vec","r2_partial_vec","power","label_col_1","label_col_2","label_col_3","label_col_4"
"1","0.0607540866101339","0.0145880203023462","4.16465602261074","3.2362975101024e-05","(Intercept)","NA","NA","NA","function (lambda = 1) 
{
    if (!is.numeric(lambda) || is.na(lambda)) 
        stop(""invalid argument 'lambda'"")
    if (lambda <= 0) 
        return(make.link(""log""))
    if (lambda == 1) 
        return(make.link(""identity""))
    linkfun <- function(mu) mu^lambda
    linkinv <- function(eta) pmax(eta^(1/lambda), .Machine$double.eps)
    mu.eta <- function(eta) pmax((1/lambda) * eta^(1/lambda - 1), .Machine$double.eps)
    valideta <- function(eta) all(is.finite(eta)) && all(eta > 0)
    link <- paste0(""mu^"", round(lambda, 3))
    structure(list(linkfun = linkfun, linkinv = linkinv, mu.eta = mu.eta, valideta = valideta, name = link), class = ""link-glm"")
}","hcp","full","",""
"2","0.000110469862647512","1.16815041505906e-05","9.45681833635501","7.7200067681929e-21","n_features","2.07038227631193","0.674307656178508","0.000241496706978817","1","hcp","full","",""
"3","-0.145806956085785","0.0385838430934642","-3.77896405323302","0.000161591579515502","n_features_log10","6.64834737012873","0.869252800427765","3.8562629684713e-05","1","hcp","full","",""
"4","-0.0381333098964032","0.00632194993019139","-6.03189052704959","1.89043923035814e-09","n_features_sqrt","0.420703175506185","0.296123203466686","9.82489736282011e-05","1","hcp","full","",""
"5","0.161308206973098","0.031303281790988","5.15307653843302","2.78660282224504e-07","n_features_cbrt","0.529200632248443","0.346063571442773","7.17058034680473e-05","1","hcp","full","",""
"6","0.697134310256263","0.0206305761597485","33.7913156112632","1.17620710429439e-202","Classifier_rf","27.7933762288376","0.96526979010546","0.00308341032029591","1","hcp","full","",""
"7","0.601663560966497","0.02063057615975","29.1636819208344","8.68276855266966e-159","Classifier_rr","111.836305003142","0.991137604160539","0.00229670822699246","1","hcp","full","",""
"8","0.311766498728979","0.0330268327009735","9.43979404721392","9.02680473739552e-21","Hierarchical","0.450502277484741","0.310583640217332","0.00024062799849689","1","hcp","full","",""
"9","0.614537795559163","0.0579511053770348","10.6044188727882","1.14069587626195e-25","rf_selected","0.265286886072684","0.209665403943375","0.000303665090630845","1","hcp","full","",""
"10","-0.14164270535854","0.0252260909965139","-5.61492882024862","2.2099579647766e-08","PermutationImportance","0.0289733215502186","0.0281575051008789","8.51352921322768e-05","0.986151718706413","hcp","full","",""
"11","0.000295405041427029","0.0898324680448832","0.00328839948246146","0.997376534237181","kPCA","0.0274242089852506","0.0266921966072188","2.92005308821786e-11","0.979199669798185","hcp","full","",""
"12","0.0846724334818822","0.0479540073260349","1.76570089140209","0.0775821934280166","PCA","0.0333825324184645","0.0323041384687799","8.41890081171304e-06","0.996020960251529","hcp","full","",""
"13","-0.000162955050017422","1.65201415986831e-05","-9.86402259593295","1.69953151746625e-22","n_features:Classifier_rf","0.427228755138428","0.299341471085335","0.000262741840145075","1","hcp","full","",""
"14","-0.000240944158661728","1.65201415986837e-05","-14.5848724856527","4.23784427876628e-46","n_features:Classifier_rr","0.66380466594027","0.398967907428684","0.000574415821274266","1","hcp","full","",""
"15","0.734212938661234","0.0545657941912527","13.4555530537652","9.55091389832979e-40","n_features_log10:Classifier_rf","0.0723498534046981","0.0674685161516908","0.000488904715696847","0.999999999091399","hcp","full","",""
"16","1.12431505316371","0.0545657941912531","20.6047592604074","1.58277810872443e-86","n_features_log10:Classifier_rr","0.806612302332281","0.446477808930543","0.00114645288041348","1","hcp","full","",""
"17","0.0935706249158584","0.00894058733192009","10.465825279933","4.6419892477047e-25","n_features_sqrt:Classifier_rf","0.362839700586326","0.266237988539829","0.00029577950700399","1","hcp","full","",""
"18","0.136551376521439","0.00894058733192036","15.2731997856464","3.54924462809327e-50","n_features_sqrt:Classifier_rr","2.19515946069238","0.687026574948061","0.000629913891207257","1","hcp","full","",""
"19","-0.500114169819567","0.0442695256556008","-11.2970302349805","8.0359602601132e-29","n_features_cbrt:Classifier_rf","0.0854872398347859","0.078754716497448","0.000344627319802893","0.999999999998603","hcp","full","",""
"20","-0.722711772886822","0.0442695256556019","-16.3252657936571","1.07070122516918e-56","n_features_cbrt:Classifier_rr","0.263735801646155","0.208695362830277","0.000719683659252013","1","hcp","full","",""
"21","-6.27888341759504e-06","2.49786571420966e-05","-0.2513699348158","0.801551157156825","n_features:Hierarchical","0.197072110241863","0.164628436796548","1.70627012185953e-07","1","hcp","full","",""
"22","-0.00106771656320492","9.01948594848522e-05","-11.8378870958188","2.10008130933706e-31","n_features:rf_selected","0.762451677775005","0.432608557380454","0.000378416014556238","1","hcp","full","",""
"23","-0.000107415486125394","2.29170459100608e-05","-4.68714364612924","2.9367349619359e-06","n_features:PermutationImportance","0.419893848794859","0.29572200002926","5.93249863936052e-05","1","hcp","full","",""
"24","-7.20062619858196e-07","0.000186053409679365","-0.00387019308648584","0.996912384866523","n_features:kPCA","0.306096892420235","0.234360018920976","4.04470901216314e-11","1","hcp","full","",""
"25","-0.000109749800027073","5.97076461848652e-05","-1.83811968884636","0.066177056261365","n_features:PCA","0.0861979198919443","0.0793574709667271","9.12365163230344e-06","0.999999999999034","hcp","full","",""
"26","-1.07021328876339","0.115592064861158","-9.25853595615637","4.69663165009844e-20","n_features_log10:Hierarchical","0.40021825825881","0.285825624611185","0.000231475886154242","1","hcp","full","",""
"27","0.620652336678442","0.0956599321214821","6.48811182397926","1.06636732067218e-10","n_features_log10:rf_selected","0.340412944135467","0.253961248005573","0.000113673118138813","1","hcp","full","",""
"28","-0.481009163286707","0.0612381465484358","-7.85473092178349","6.1617330299937e-15","n_features_log10:PermutationImportance","1.53088431538949","0.604881189582897","0.00016660335563512","1","hcp","full","",""
"29","0.000329962785837925","0.123640179718228","0.00266873427869403","0.997870898181027","n_features_log10:kPCA","0.0014673603939729","0.00146521040225979","1.92323934555816e-11","0.083483304807271","hcp","full","",""
"30","0.145476993299666","0.0870960190117796","1.67030588711512","0.0949985045966233","n_features_log10:PCA","0.00955962016338063","0.00946909917200686","7.53378364459767e-06","0.449900867890896","hcp","full","",""
"31","-0.0714836406763119","0.0151219651141124","-4.72713963673944","2.41837486694048e-06","n_features_sqrt:Hierarchical","3.93313667232019e-05","3.93298198276352e-05","6.03417613496138e-05","0.0507511881988467","hcp","full","",""
"32","0.272374000611081","0.025559207544806","10.6565901988002","6.69694892630985e-26","n_features_sqrt:rf_selected","0.0128579501820244","0.0126947220779712","0.000306660366779288","0.626170276346116","hcp","full","",""
"33","-0.0356248487423499","0.0110408800487504","-3.22663126354516","0.00127062196933704","n_features_sqrt:PermutationImportance","0.174154082560021","0.148323022631161","2.81138158148009e-05","1","hcp","full","",""
"34","0.000134291036170512","0.040242808944732","0.00333701944998279","0.997337745656098","n_features_sqrt:kPCA","0.0248868622350665","0.0242825458614947","3.00706126665773e-11","0.960995655214592","hcp","full","",""
"35","0.0379990188601249","0.0209343925504751","1.81514790880629","0.0696347997989885","n_features_sqrt:PCA","0.000333393166720821","0.00033328205276184","8.89703214423943e-06","0.0566151644569956","hcp","full","",""
"36","0.540867481026818","0.0792914527392752","6.82125831147638","1.15694672325613e-11","n_features_cbrt:Hierarchical","0.0204373862000095","0.0200280649027531","0.000125646418078551","0.89587981920421","hcp","full","",""
"37","-0.963479565137207","0.105137002991727","-9.16403870874105","1.09702631626429e-19","n_features_cbrt:rf_selected","0.0325013717384228","0.0314782843181121","0.000226774882335912","0.994842650303885","hcp","full","",""
"38","0.330990888056211","0.0527469185359673","6.27507534550124","4.18213245177391e-10","n_features_cbrt:PermutationImportance","0.042411850026975","0.0406862700437236","0.000106330782507547","0.999785899808025","hcp","full","",""
"39","-0.000480852009032457","0.154105676970076","-0.00312027446675978","0.997510662938473","n_features_cbrt:kPCA","0.0973753151364474","0.0887347416998712","2.62909694015434e-11","0.999999999999998","hcp","full","",""
"40","-0.160827354963673","0.0899402627662927","-1.78815749495394","0.073885659617194","n_features_cbrt:PCA","0.0380091185933732","0.0366173262956304","8.63440976162089e-06","0.999056889903632","hcp","full","",""
"41","-0.974566782899544","0.0467069947279428","-20.86554248622","1.67687952402364e-88","Classifier_rf:Hierarchical","0.0519711639393233","0.0494036012781059","0.00117565658649355","0.999993864602595","hcp","full","",""
"42","-0.829098163345869","0.0819552391787206","-10.1164754279814","1.4839519458814e-23","Classifier_rf:rf_selected","0.156442313071625","0.135278959705391","0.000276362798854013","1","hcp","full","",""
"43","-0.195300808760387","0.0356750800129255","-5.47443225606297","4.87932056617603e-08","Classifier_rf:PermutationImportance","0.246698306610687","0.19788132004556","8.09280902829279e-05","1","hcp","full","",""
"44","0.758952144436144","0.127042294650538","5.97401161970377","2.6852432421194e-09","Classifier_rf:kPCA","0.00172289053028855","0.0017199272838584","9.63725268824378e-05","0.0905022211636162","hcp","full","",""
"45","0.27532512067359","0.0678172075306221","4.05981211404598","5.07979126428771e-05","Classifier_rf:PCA","0.000650778042844822","0.000650354806216878","4.45074784852784e-05","0.063444211748833","hcp","full","",""
"46","-1.13583870530791","0.0467069947279435","-24.3183855421202","3.97867666730517e-116","Classifier_rr:Hierarchical","0.27835936008142","0.21774734771269","0.00159694735437721","1","hcp","full","",""
"47","-0.964041677680118","0.0819552391787211","-11.7630268344141","4.85284628799803e-31","Classifier_rr:rf_selected","0.851775066149719","0.459977608360805","0.000373645103933118","1","hcp","full","",""
"48","-0.281689006377569","0.0356750800129272","-7.89596004481271","4.47036877830605e-15","Classifier_rr:PermutationImportance","1.62511858694229","0.619064828166566","0.000168356932584546","1","hcp","full","",""
"49","0.528974345577767","0.127042294650537","4.16376567372975","3.24885194754494e-05","Classifier_rr:kPCA","0.00962949473906038","0.00953765196959617","4.68159328347317e-05","0.453779046673844","hcp","full","",""
"50","0.18907260862205","0.0678172075306203","2.78797395980484","0.00534864076974723","Classifier_rr:PCA","0.0135795161000895","0.0133975834005988","2.0989328585963e-05","0.661293373108261","hcp","full","",""
"51","-1.76235933807759e-05","3.53251557002194e-05","-0.498896410544807","0.617901329274592","n_features:Classifier_rf:Hierarchical","3.48514724610652e-05","3.48502578782624e-05","6.72112355215582e-07","0.0506652369400071","hcp","full","",""
"52","0.000680831406369582","0.000127554793539807","5.33756033368601","1.03699217662333e-07","n_features:Classifier_rf:rf_selected","0.0237503845675468","0.0231993901302215","7.69319453887141e-05","0.949119061399376","hcp","full","",""
"53","4.17989370579348e-05","3.24095971355343e-05","1.28970862806887","0.197284923467366","n_features:Classifier_rf:PermutationImportance","0.00346960034153261","0.00345760383807514","4.49163369187211e-06","0.148155100950833","hcp","full","",""
"54","-0.00180579863704016","0.000263119255294336","-6.86304252047278","8.69354228743145e-12","n_features:Classifier_rf:kPCA","0.00686440500077659","0.0068176061907475","0.000127190448733216","0.303145926865302","hcp","full","",""
"55","-0.00037631736648068","8.44393630120156e-05","-4.4566580449823","8.73478068283967e-06","n_features:Classifier_rf:PCA","0.000218270865187577","0.000218223233413616","5.36339453424128e-05","0.0542670674338001","hcp","full","",""
"56","0.000144481303565414","3.5325155700221e-05","4.09004010602309","4.46530735579869e-05","n_features:Classifier_rr:Hierarchical","0.0205742789065929","0.0201595114944847","4.51727212388287e-05","0.89873389597873","hcp","full","",""
"57","0.000992022910067811","0.000127554793539808","7.7772295539659","1.12164834248917e-14","n_features:Classifier_rr:rf_selected","0.186416902572864","0.157125966570941","0.000163331878147654","1","hcp","full","",""
"58","0.00023233828392782","3.2409597135535e-05","7.16881123070414","1.02267251831099e-12","n_features:Classifier_rr:PermutationImportance","0.15071273039353","0.130973375381003","0.000138776333674429","1","hcp","full","",""
"59","-0.00115956002529855","0.00026311925529434","-4.40697517177677","1.0976675838217e-05","n_features:Classifier_rr:kPCA","0.0313745092882609","0.030420093773611","5.24447872373157e-05","0.992865952046632","hcp","full","",""
"60","-0.000274338423331398","8.44393630120139e-05","-3.24893999132094","0.00117548801511448","n_features:Classifier_rr:PCA","0.0165354736910577","0.0162664994178876","2.85039140726084e-05","0.78530086792957","hcp","full","",""
"61","1.44844825312741","0.163471865829359","8.86053539414167","1.58614142522792e-18","n_features_log10:Classifier_rf:Hierarchical","0.0222979693701328","0.0218116146546503","0.000212002532959832","0.929584860462907","hcp","full","",""
"62","0.197857848297306","0.135283573381885","1.46254155882461","0.143733086394011","n_features_log10:Classifier_rf:rf_selected","0.0654045289033764","0.0613893850917806","5.77613787988707e-06","0.99999997825715","hcp","full","",""
"63","0.796031547258494","0.086603817383389","9.1916450256981","8.56915128991215e-20","n_features_log10:Classifier_rf:PermutationImportance","0.000876922431564489","0.000876154112369845","0.000228143241661982","0.0686338188661919","hcp","full","",""
"64","0.918144323790746","0.174853619011777","5.2509312016522","1.65608317109151e-07","n_features_log10:Classifier_rf:kPCA","0.0118794013037958","0.0117399378705499","7.445498434e-05","0.576084597988801","hcp","full","",""
"65","0.498924796079451","0.123172371315165","4.05062264168672","5.28196083923184e-05","n_features_log10:Classifier_rf:PCA","0.00287516976196621","0.002866926860547","4.43062192442278e-05","0.126652509162913","hcp","full","",""
"66","1.07473916358929","0.163471865829361","6.57445951409858","6.05569913310743e-11","n_features_log10:Classifier_rr:Hierarchical","0.0430227230433797","0.0412481167407801","0.000116718912089864","0.999827118078318","hcp","full","",""
"67","-0.481473696941462","0.135283573381885","-3.55899600302792","0.000380016797182849","n_features_log10:Classifier_rr:rf_selected","0.0371111774794221","0.0357832200493841","3.42039388130377e-05","0.998740522382973","hcp","full","",""
"68","0.228391569154297","0.0866038173833894","2.63719979158913","0.00841711882266639","n_features_log10:Classifier_rr:PermutationImportance","0.169169511232516","0.144692031059021","1.87805015293696e-05","1","hcp","full","",""
"69","0.588239744777232","0.174853619011784","3.36418398487702","0.000780629177508025","n_features_log10:Classifier_rr:kPCA","0.0563870570160206","0.0533772698572219","3.05619174555405e-05","0.99999896294511","hcp","full","",""
"70","0.384494807474077","0.123172371315166","3.12159945748104","0.00182165387859707","n_features_log10:Classifier_rr:PCA","0.0155837233114193","0.0153445973519612","2.63133094695611e-05","0.749120080311008","hcp","full","",""
"71","0.0830113625602286","0.0213856881541101","3.88163158286187","0.00010675666302161","n_features_sqrt:Classifier_rf:Hierarchical","0.0156331066385912","0.0153924744441737","4.06864451125699e-05","0.751087752094107","hcp","full","",""
"72","-0.138075233783529","0.0361461779533721","-3.8199124112553","0.000137128524327972","n_features_sqrt:Classifier_rf:rf_selected","0.029648904445041","0.0287951595121845","3.940287673454e-05","0.988463736670988","hcp","full","",""
"73","0.0622206963902409","0.015614162305477","3.98488853727463","6.96691083322881e-05","n_features_sqrt:Classifier_rf:PermutationImportance","0.0858050987127276","0.0790244020906271","4.28798716290979e-05","0.999999999998815","hcp","full","",""
"74","0.351007831931502","0.0569119261976341","6.16756197484128","8.20326880459268e-10","n_features_sqrt:Classifier_rf:kPCA","0.000725675751294787","0.000725149527866351","0.000102718380786904","0.0651328655578192","hcp","full","",""
"75","0.129585947224747","0.0296057018649258","4.37706046679705","1.25813994452993e-05","n_features_sqrt:Classifier_rf:PCA","0.00704336984109135","0.00699410775347518","5.17352095777968e-05","0.312506977964888","hcp","full","",""
"76","0.00397230888791275","0.0213856881541107","0.185746133549095","0.852660658644537","n_features_sqrt:Classifier_rr:Hierarchical","0.179238339444976","0.15199500681884","9.31666940262588e-08","1","hcp","full","",""
"77","-0.26374699098791","0.0361461779533721","-7.29667715707422","4.07399138954805e-13","n_features_sqrt:Classifier_rr:rf_selected","0.0189409762518626","0.0185888846295457","0.000143771029564976","0.860380317906373","hcp","full","",""
"78","-0.0333146229498959","0.0156141623054773","-2.13361577125463","0.0329825559252063","n_features_sqrt:Classifier_rr:PermutationImportance","0.236392557459689","0.191195390196609","1.22928772822162e-05","1","hcp","full","",""
"79","0.229806291637329","0.0569119261976356","4.03792855014765","5.57381149626523e-05","n_features_sqrt:Classifier_rr:kPCA","0.00214793591335934","0.00214333217321024","4.40289552440243e-05","0.102979212664351","hcp","full","",""
"80","0.0960141325185378","0.0296057018649253","3.24309597376202","0.00119975141585107","n_features_sqrt:Classifier_rr:PCA","9.79088532645035e-05","9.78992680594324e-05","2.84014636982022e-05","0.0518843381715902","hcp","full","",""
"81","-0.618218771149647","0.112135047844146","-5.51316277145477","3.92946743269768e-08","n_features_cbrt:Classifier_rf:Hierarchical","0.00406647168051527","0.00405000246020483","8.20772411277426e-05","0.17162938973364","hcp","full","",""
"82","0.358923068103217","0.148686175538156","2.41396395330049","0.0158597182725136","n_features_cbrt:Classifier_rf:rf_selected","0.00029019137117106","0.000290107184569384","1.57355773336976e-05","0.0557260316334388","hcp","full","",""
"83","-0.462132991812853","0.0745954075669526","-6.19519360354817","6.90611571499695e-10","n_features_cbrt:Classifier_rf:PermutationImportance","0.0147056107802364","0.0144924898650446","0.000103640830898866","0.712515392271927","hcp","full","",""
"84","-1.27985522783214","0.217938338409786","-5.87255660096686","4.93058994394683e-09","n_features_cbrt:Classifier_rf:kPCA","0.0229158309139697","0.0224024599301533","9.3126985017955e-05","0.938548642953864","hcp","full","",""
"85","-0.546869065889535","0.127194739407497","-4.29946292147757","1.78546243919165e-05","n_features_cbrt:Classifier_rf:PCA","0.00431842746490159","0.00429985883640725","4.99171218080185e-05","0.182082864945538","hcp","full","",""
"86","-0.259929116384944","0.112135047844149","-2.31800067313662","0.02053891169484","n_features_cbrt:Classifier_rr:Hierarchical","0.00214156587987328","0.00213698937633926","1.45093593135748e-05","0.10278481157204","hcp","full","",""
"87","0.936306925788356","0.148686175538155","6.2972022946954","3.63583317193735e-10","n_features_cbrt:Classifier_rr:rf_selected","0.0215282755939068","0.0210745763071418","0.000107081984311419","0.916929311935208","hcp","full","",""
"88","-0.00705225525969332","0.0745954075669539","-0.0945400727700763","0.924688603389746","n_features_cbrt:Classifier_rr:PermutationImportance","0.000875409752813304","0.000874644080854684","2.41353157459656e-08","0.0685981994056175","hcp","full","",""
"89","-0.839902085606488","0.217938338409793","-3.85385192772833","0.000119543474847891","n_features_cbrt:Classifier_rr:kPCA","0.0183225946341052","0.0179929176968608","4.01061680085357e-05","0.84327757874415","hcp","full","",""
"90","-0.408386391074269","0.127194739407495","-3.21071762068648","0.00134277756025453","n_features_cbrt:Classifier_rr:PCA","0.0046000480320333","0.0045789844834714","2.78371867712401e-05","0.194134233388017","hcp","full","",""
"91","0.0588799081269096","0.0136560849644315","4.31162432573228","1.69068260187495e-05","(Intercept)","NA","NA","NA","function (lambda = 1) 
{
    if (!is.numeric(lambda) || is.na(lambda)) 
        stop(""invalid argument 'lambda'"")
    if (lambda <= 0) 
        return(make.link(""log""))
    if (lambda == 1) 
        return(make.link(""identity""))
    linkfun <- function(mu) mu^lambda
    linkinv <- function(eta) pmax(eta^(1/lambda), .Machine$double.eps)
    mu.eta <- function(eta) pmax((1/lambda) * eta^(1/lambda - 1), .Machine$double.eps)
    valideta <- function(eta) all(is.finite(eta)) && all(eta > 0)
    link <- paste0(""mu^"", round(lambda, 3))
    structure(list(linkfun = linkfun, linkinv = linkinv, mu.eta = mu.eta, valideta = valideta, name = link), class = ""link-glm"")
}","hcp","final","",""
"92","0.000112461744971245","1.01896809998566e-05","11.0368268616876","1.28513752044406e-27","n_features","2.07014650044413","0.674282644214099","0.000328532277276805","1","hcp","final","",""
"93","-0.151403215905255","0.033892801554132","-4.4671201247097","8.3215297299539e-06","n_features_log10","6.64759025397267","0.869239856374296","5.38201429653995e-05","1","hcp","final","",""
"94","-0.0391726383098414","0.0054634607329384","-7.1699313355865","1.01412329257212e-12","n_features_sqrt","0.420655265679373","0.296099466099688","0.000138649905480848","1","hcp","final","",""
"95","0.166299096942165","0.0271057699898087","6.13519176930561","1.00247595800212e-09","n_features_cbrt","0.529140366692784","0.346037798895602","0.000101518658208399","1","hcp","final","",""
"96","0.700959063228293","0.0190032287068292","36.8863141123166","3.10170912397595e-233","Classifier_rf","27.7902111092969","0.965265971958188","0.00366961164424429","1","hcp","final","",""
"97","0.603461343444138","0.0185591394501531","32.5155886168611","2.29977857406903e-190","Classifier_rr","111.82356904507","0.991136603739237","0.00285149638446502","1","hcp","final","",""
"98","0.3130745792418","0.0325357237798208","9.6224870041457","1.66114651469228e-21","Hierarchical","0.450450974125629","0.310559255129029","0.000249726281908447","1","hcp","final","",""
"99","0.616411974042264","0.0576902198681427","10.6848608906525","5.00402081044392e-26","rf_selected","0.265256675108025","0.209646532854986","0.00030791250674167","1","hcp","final","",""
"100","-0.139330972918075","0.0212477856290839","-6.55743498877172","6.77220332509323e-11","PermutationImportance","0.0289700220580863","0.0281543887937008","0.000115973181665785","0.987606118850286","hcp","final","",""
"101","0.000295405041460618","0.0897775116135596","0.00329041244462385","0.997374927922098","kPCA","0.0274210859066065","0.0266892380181295","2.92004198598761e-11","0.981212172310156","hcp","final","",""
"102","0.0865466119650895","0.0476519955812912","1.8162221940411","0.0694696735846789","PCA","0.033378730803835","0.0323005784896217","8.89667122339066e-06","0.996533660099316","hcp","final","",""
"103","-0.000167013371705855","1.40811811483651e-05","-11.8607501704675","1.62009942544593e-31","n_features:Classifier_rf","0.427180102176294","0.299317585443415","0.000379414479851903","1","hcp","final","",""
"104","-0.000242861483944494","1.29530813126474e-05","-18.7493213454442","5.54584968102458e-73","n_features:Classifier_rr","0.663729071629522","0.39894059853113","0.000948114284422541","1","hcp","final","",""
"105","0.745606509222425","0.0482438627338291","15.4549504739304","2.78683396943916e-51","n_features_log10:Classifier_rf","0.0723416141777366","0.067461351141546","0.000644206081062304","0.999999999389922","hcp","final","",""
"106","1.12971026206093","0.0421413251610774","26.8076586994553","1.43072789272903e-137","n_features_log10:Classifier_rr","0.80652044503726","0.446449663635346","0.00193823912546687","1","hcp","final","",""
"107","0.0956880235802864","0.00766361967327921","12.4860089174209","1.22506536757929e-34","n_features_sqrt:Classifier_rf","0.362798380272557","0.266215740731947","0.000420471792429877","1","hcp","final","",""
"108","0.137551963097325","0.00675833005200343","20.3529514005534","1.20638930449572e-84","n_features_sqrt:Classifier_rr","2.19490947515457","0.687002086357511","0.00111723459696245","1","hcp","final","",""
"109","-0.510280426076401","0.0382370001024051","-13.3452003219338","3.76719642126085e-39","n_features_cbrt:Classifier_rf","0.085477504517599","0.0787464541290392","0.000480330074115076","0.99999999999915","hcp","final","",""
"110","-0.727518186537189","0.0334127141437664","-21.7736931937604","1.61296178570886e-95","n_features_cbrt:Classifier_rr","0.263705767319541","0.208676555998387","0.00127865618277656","1","hcp","final","",""
"111","-1.44539672802047e-05","1.46473893435524e-05","-0.986794775586896","0.323849641616827","n_features:Hierarchical","0.197049667600065","0.164612775003","2.62629355418653e-06","1","hcp","final","",""
"112","-0.00106970844552846","8.99594415470112e-05","-11.8910080713368","1.15261722556343e-31","n_features:rf_selected","0.762364849507568","0.43258060311438","0.000381352793905609","1","hcp","final","",""
"113","-0.000109901815511952","1.69476619147732e-05","-6.48477743211007","1.08948029463263e-10","n_features:PermutationImportance","0.41984603113446","0.295698281312237","0.000113417412399452","1","hcp","final","",""
"114","-7.20062619943005e-07","0.000185939588567083","-0.00387256218803141","0.996910494361232","n_features:kPCA","0.306062033997581","0.234339584208562","4.04468680770265e-11","1","hcp","final","",""
"115","-0.000111741682350782","5.93984967996009e-05","-1.88122071047988","0.0600712668668162","n_features:PCA","0.0861881036422606","0.079349150808456","9.54484955018042e-06","0.999999999999415","hcp","final","",""
"116","-1.03749683111844","0.0750101943525895","-13.831411051165","8.14207404336306e-42","n_features_log10:Hierarchical","0.400172681261639","0.285802377533219","0.000515967754363911","1","hcp","final","",""
"117","0.626248596497741","0.0938160950859526","6.67527886258731","3.0997223522514e-11","n_features_log10:rf_selected","0.340374177788676","0.25393967104784","0.000120178951641847","1","hcp","final","",""
"118","-0.474185221077666","0.0439615261384826","-10.7863685074067","1.75926470459e-26","n_features_log10:PermutationImportance","1.53070997774079","0.604853970310451","0.000313790717157425","1","hcp","final","",""
"119","0.000329962785904668","0.123564540885259","0.00267036791898956","0.997869594556973","n_features_log10:kPCA","0.0014671932904509","0.00146504378803488","1.92325044778840e-11","0.0842197790956545","hcp","final","",""
"120","0.151073253119094","0.0850780111566951","1.77570268821694","0.0759174285719293","n_features_log10:PCA","0.0095585315104465","0.00946803103743331","8.50413388764348e-06","0.458755997435976","hcp","final","",""
"121","-0.066710550937892","0.00886826452906859","-7.52239073600328","7.73365991960079e-14","n_features_sqrt:Hierarchical","3.93268876532123e-05","3.93253411099405e-05","0.000152616454912047","0.0507656960716924","hcp","final","",""
"122","0.273413329024468","0.0253457150776708","10.7873590540494","1.74133486608874e-26","n_features_sqrt:rf_selected","0.0128564859140981","0.0126932947489547","0.000313848352609725","0.636429827029985","hcp","final","",""
"123","-0.0343472045282415","0.00775279109519908","-4.43030182375365","9.86243258488997e-06","n_features_sqrt:PermutationImportance","0.174134249831342","0.148308636645559","5.29366206666326e-05","1","hcp","final","",""
"124","0.000134291036188906","0.0402181897706827","0.00333906217446909","0.997336115591368","n_features_sqrt:kPCA","0.02488402811037","0.0242798476977439","3.00703906219724e-11","0.964248649879981","hcp","final","",""
"125","0.0390383472735538","0.0206795546974709","1.88777504374057","0.0591850778396602","n_features_sqrt:PCA","0.000333355199788771","0.000333244111131526","9.61147555222919e-06","0.0567470379402674","hcp","final","",""
"126","0.51651089031593","0.0475851921699635","10.8544458215293","8.68422587957418e-27","n_features_cbrt:Hierarchical","0.0204350587832218","0.0200258297745952","0.000317764147434008","0.902219532299922","hcp","final","",""
"127","-0.968470455106068","0.103905220064568","-9.32071030217974","2.67324627369243e-20","n_features_cbrt:rf_selected","0.032497670470684","0.0314748123895227","0.000234308262948124","0.995482507518803","hcp","final","",""
"128","0.324877077282484","0.0368614692975684","8.81345978533511","2.38080814877232e-18","n_features_cbrt:PermutationImportance","0.0424070201504543","0.0406818251706839","0.000209499233891242","0.999823966226592","hcp","final","",""
"129","-0.000480852009105724","0.154011400387929","-0.00312218451292917","0.997509138748062","n_features_cbrt:kPCA","0.0973642260010296","0.088725533140296","2.62908583792409e-11","0.999999999999999","hcp","final","",""
"130","-0.165818244932699","0.0885176949660505","-1.87327793608155","0.0611599093807716","n_features_cbrt:PCA","0.0380047901014695","0.0366133089788096","9.46442034743811e-06","0.999202127129474","hcp","final","",""
"131","-0.976866953340799","0.0461636573399063","-21.1609523515015","9.05909562847572e-91","Classifier_rf:Hierarchical","0.0519652454447445","0.049398253097967","0.00120770260557557","0.999995265012867","hcp","final","",""
"132","-0.832922916317698","0.0815136082199955","-10.2182069289552","5.46096480519535e-24","Classifier_rf:rf_selected","0.156424497365537","0.135265637939951","0.000281604098556598","1","hcp","final","",""
"133","-0.199563115689654","0.0324042283657511","-6.15855170001757","8.67362190979401e-10","Classifier_rf:PermutationImportance","0.246670212520049","0.197863244058285","0.000102293200759496","1","hcp","final","",""
"134","0.758952144436109","0.126964574520021","5.97766855286418","2.62607913937234e-09","Classifier_rf:kPCA","0.00172269432690401","0.00171973175476627","9.63725268823268e-05","0.0914087552331415","hcp","final","",""
"135","0.271500367701579","0.0673020858066959","4.03405577178363","5.66560322902316e-05","Classifier_rf:PCA","0.000650703932010532","0.000650280791742434","4.38907882934769e-05","0.0637207159202287","hcp","final","",""
"136","-1.13746277640511","0.0455604902023833","-24.965990737861","1.3174686328013e-121","Classifier_rr:Hierarchical","0.278327660418786","0.217727949599091","0.00168107540722073","1","hcp","final","",""
"137","-0.965839460157597","0.0814112233103576","-11.8637138822445","1.56701736112287e-31","Classifier_rr:rf_selected","0.85167806570314","0.45994931920292","0.000379604116364951","1","hcp","final","",""
"138","-0.284361896769695","0.0235901982450613","-12.0542393843268","1.81308389082986e-32","Classifier_rr:PermutationImportance","1.62493351786133","0.619037970601726","0.000391894536030835","1","hcp","final","",""
"139","0.528974345577696","0.126964574520022","4.166314482425","3.21287604392552e-05","Classifier_rr:kPCA","0.0096283981287848","0.00953657617657129","4.68159328347317e-05","0.462688360847873","hcp","final","",""
"140","0.187274826144441","0.067178044849328","2.78773856197326","0.00535245481431247","Classifier_rr:PCA","0.0135779696599807","0.0133960781177353","2.09601154229633e-05","0.671535765239055","hcp","final","",""
"141","0.000684889728057691","0.000127184994050687","5.38498848209044","8.00060537546894e-08","n_features:Classifier_rf:rf_selected","0.023730280776596","0.0231802079338655","7.82094338631634e-05","0.952871186634143","hcp","final","",""
"142","4.63517058091874e-05","2.77671365617013e-05","1.66930089122403","0.095197249081451","n_features:Classifier_rf:PermutationImportance","0.00268565842758526","0.00267846498552389","7.5155165447649e-06","0.121867635506196","hcp","final","",""
"143","-0.00180579863704006","0.000262958287933665","-6.86724366525994","8.44370380514407e-12","n_features:Classifier_rf:kPCA","0.00711677938693234","0.00706648874549044","0.000127190448733105","0.322882087014551","hcp","final","",""
"144","-0.000372259044792284","8.39463120624166e-05","-4.43448956418119","9.67430709688878e-06","n_features:Classifier_rf:PCA","0.000343608516620024","0.000343490490362158","5.30367445901181e-05","0.0569638742949618","hcp","final","",""
"145","0.000151382961772467","7.83605124985077e-06","19.3187814813424","4.78563006333381e-77","n_features:Classifier_rr:Hierarchical","0.0137061786482325","0.0135208593347133","0.00100658173347079","0.677582740515676","hcp","final","",""
"146","0.000993940235350314","0.000127065043834381","7.82229482914148","7.91825172604483e-15","n_features:Classifier_rr:rf_selected","0.183187677881038","0.154825545689512","0.00016502811780339","1","hcp","final","",""
"147","0.000235244503336243","1.10759093476531e-05","21.2392947569664","2.26365722312454e-91","n_features:Classifier_rr:PermutationImportance","0.131230898336699","0.116007172832402","0.00121666150940436","1","hcp","final","",""
"148","-0.00115956002529839","0.000262958287933664","-4.40967285880303","1.08413279668766e-05","n_features:Classifier_rr:kPCA","0.0331008172289078","0.0320402584887061","5.24447872372047e-05","0.996229611985397","hcp","final","",""
"149","-0.000272421098048668","8.3764467179344e-05","-3.25222743272993","0.00116201648753103","n_features:Classifier_rr:PCA","0.0201509761151545","0.0197529351899379","2.85266912896098e-05","0.896313039470883","hcp","final","",""
"150","1.37696010352681","0.0747961127075126","18.4095142606056","1.3400359704196e-70","n_features_log10:Classifier_rf:Hierarchical","0.000674504884235622","0.000674050234060528","0.000914059031437597","0.0642657884231738","hcp","final","",""
"151","0.186464277736399","0.132789102306841","1.40421370803102","0.16039360689153","n_features_log10:Classifier_rf:rf_selected","0.0594771835662544","0.0561382392078055","5.31809390125204e-06","0.999999791184609","hcp","final","",""
"152","0.783410294307741","0.0733316901854898","10.6831070213455","5.0948309212717e-26","n_features_log10:Classifier_rf:PermutationImportance","0.00421802597137565","0.00420030895909837","0.000307811430278582","0.181053512948702","hcp","final","",""
"153","0.918144323790649","0.174746649548349","5.25414550816105","1.62757455966383e-07","n_features_log10:Classifier_rf:kPCA","0.0160916668962956","0.015836825968122","7.44549843397779e-05","0.778362519228284","hcp","final","",""
"154","0.48753122551833","0.120443191014947","4.0478106019113","5.34509789301965e-05","n_features_log10:Classifier_rf:PCA","0.00854720953427356","0.00847477386628286","4.4190605450467e-05","0.401815950321333","hcp","final","",""
"155","1.04807794025503","0.0439138967627494","23.8666576532118","2.21175138082217e-112","n_features_log10:Classifier_rr:Hierarchical","0.0180737352058077","0.017752874453788","0.00153628854326504","0.844173707220565","hcp","final","",""
"156","-0.486868905838449","0.130695702631372","-3.7252097508643","0.000199969095336387","n_features_log10:Classifier_rr:rf_selected","0.0343769151924625","0.033234418409334","3.74275196319829e-05","0.997447402936971","hcp","final","",""
"157","0.220540995477929","0.0194710297054796","11.3266221054485","5.82709632682064e-29","n_features_log10:Classifier_rr:PermutationImportance","0.186095151205528","0.156897320603987","0.000346011399565693","1","hcp","final","",""
"158","0.588239744777121","0.174746649548358","3.36624333741138","0.000774836236032368","n_features_log10:Classifier_rr:kPCA","0.0610398083843748","0.0575282924373205","3.05619174555405e-05","0.999999893892137","hcp","final","",""
"159","0.379099598576918","0.118131212034391","3.20914000667795","0.00135010789475754","n_features_log10:Classifier_rr:PCA","0.0212721476391225","0.0208290686163305","2.7775821598186e-05","0.918068394348204","hcp","final","",""
"160","0.0726644022328816","0.00475738029736493","15.27403690496","3.48313397239954e-50","n_features_sqrt:Classifier_rf:Hierarchical","0.0525209258207665","0.0499001250543405","0.000629212375608645","0.999996211408486","hcp","final","",""
"161","-0.140192632447873","0.0358307522350955","-3.9126343630195","9.40109424379833e-05","n_features_sqrt:Classifier_rf:rf_selected","0.0295394503912168","0.028691907221226","4.12884057867657e-05","0.989408967744457","hcp","final","",""
"162","0.059864981925145","0.0130802682653021","4.57673961350994","4.98056673441121e-06","n_features_sqrt:Classifier_rf:PermutationImportance","0.0737915871754021","0.0687205860585201","5.6493956857695e-05","0.999999999695378","hcp","final","",""
"163","0.351007831931479","0.0568771094277992","6.17133738797072","8.01114548613424e-10","n_features_sqrt:Classifier_rf:kPCA","0.000679694768826654","0.000679233097643371","0.000102718380786904","0.0643850555530327","hcp","final","",""
"164","0.127468548560332","0.0292287568176858","4.36106637567299","1.35281136604098e-05","n_features_sqrt:Classifier_rf:PCA","0.00939085475122745","0.00930348705560831","5.12949933827445e-05","0.44931159250064","hcp","final","",""
"165","-0.264747577563727","0.0356480962230515","-7.42669611042316","1.57296877974014e-13","n_features_sqrt:Classifier_rr:rf_selected","0.0197570767730359","0.0193742972939752","0.000148758192187404","0.887658343806878","hcp","final","",""
"166","-0.0347918411271245","0.00157750493287228","-22.0549808765267","9.95181111940838e-98","n_features_sqrt:Classifier_rr:PermutationImportance","0.139326088652064","0.12228815792053","0.00131190671738857","1","hcp","final","",""
"167","0.229806291637294","0.0568771094278009","4.04040032887057","5.5155670905818e-05","n_features_sqrt:Classifier_rr:kPCA","0.0036822617295263","0.0036687524228844","4.40289552440243e-05","0.158916686207042","hcp","final","",""
"168","0.0950135459426656","0.0290045545337722","3.27581469427618","0.00106961882031625","n_features_sqrt:Classifier_rr:PCA","0.00304635962642318","0.00303710750473964","2.89419799338608e-05","0.134638801013777","hcp","final","",""
"169","-0.565292864212006","0.0337959310060275","-16.7266545819136","2.80630981347744e-59","n_features_cbrt:Classifier_rf:Hierarchical","0.0172915327673431","0.0169976179004507","0.000754584294307858","0.820153167284084","hcp","final","",""
"170","0.369089324359711","0.14691906668871","2.51219486128191","0.0120679342467795","n_features_cbrt:Classifier_rf:rf_selected","0.000353543764562187","0.000353418815543672","1.70214373461652e-05","0.0571745199028583","hcp","final","",""
"171","-0.45084381475137","0.0623891686606199","-7.22631547158188","6.77019221247165e-13","n_features_cbrt:Classifier_rf:PermutationImportance","0.0128206225301212","0.0126583347978185","0.000140839157697692","0.634639139680519","hcp","final","",""
"172","-1.27985522783205","0.217805011188699","-5.87615142942336","4.82545895314006e-09","n_features_cbrt:Classifier_rf:kPCA","0.0213985013262058","0.0209501984763258","9.3126985018066e-05","0.920267599423539","hcp","final","",""
"173","-0.536702809632764","0.125153454956535","-4.28835791883779","1.87621639087226e-05","n_features_cbrt:Classifier_rf:PCA","0.00308110888320837","0.00307164481109485","4.95988533141256e-05","0.135907811948197","hcp","final","",""
"174","-0.239785251189921","0.00969667394276978","-24.7286082429031","1.35479477790988e-119","n_features_cbrt:Classifier_rr:Hierarchical","0.276609097897747","0.216674860263218","0.00164925926896942","1","hcp","final","",""
"175","0.941113339438444","0.145737961582778","6.45757172131091","1.30014453903354e-10","n_features_cbrt:Classifier_rr:rf_selected","0.0213976422994018","0.0209493750653573","0.000112467764146307","0.920252812895416","hcp","final","",""
"176","-0.839902085606354","0.217805011188707","-3.85621102573557","0.000118399438362306","n_features_cbrt:Classifier_rr:kPCA","0.019165232658423","0.0188048336464852","4.01061680083137e-05","0.873600133903923","hcp","final","",""
"177","-0.403579977423965","0.123764811546656","-3.26086205263462","0.00112736803524391","n_features_cbrt:Classifier_rr:PCA","0.00473851217750111","0.004716164574235","2.86783683332015e-05","0.203948200690994","hcp","final","",""
"178","-0.398266248479075","0.0380240115410624","-10.4740723647473","4.08486104009648e-25","(Intercept)","NA","NA","NA","function (lambda = 1) 
{
    if (!is.numeric(lambda) || is.na(lambda)) 
        stop(""invalid argument 'lambda'"")
    if (lambda <= 0) 
        return(make.link(""log""))
    if (lambda == 1) 
        return(make.link(""identity""))
    linkfun <- function(mu) mu^lambda
    linkinv <- function(eta) pmax(eta^(1/lambda), .Machine$double.eps)
    mu.eta <- function(eta) pmax((1/lambda) * eta^(1/lambda - 1), .Machine$double.eps)
    valideta <- function(eta) all(is.finite(eta)) && all(eta > 0)
    link <- paste0(""mu^"", round(lambda, 3))
    structure(list(linkfun = linkfun, linkinv = linkinv, mu.eta = mu.eta, valideta = valideta, name = link), class = ""link-glm"")
}","ucla","full","",""
"179","0.000421608947577314","3.29564037630671e-05","12.7929294290839","2.92069309521486e-36","n_features","0.583829819822786","0.368619035022406","0.00482296327026266","1","ucla","full","",""
"180","0.00262799611039109","0.0848131535610652","0.0309857138904632","0.975283595824473","n_features_log10","5.92469051892308","0.855589214093063","2.82941727824948e-08","1","ucla","full","",""
"181","-0.161707198948956","0.016883160972113","-9.57801677162576","2.438558355762e-21","n_features_sqrt","1.72536777155463","0.63307704360591","0.00270349227268529","1","ucla","full","",""
"182","0.569489878421874","0.0785322292912968","7.25167085617149","5.58145509974331e-13","n_features_cbrt","0.0803463352315007","0.0743709055247397","0.00154970885234218","0.99999999999549","ucla","full","",""
"183","0.533567686259729","0.0537740728171953","9.92239676681344","9.37152953299097e-23","Classifier_rf","0.609021802394787","0.378504381661174","0.00290139677898638","1","ucla","full","",""
"184","0.597986118759636","0.0537740728171971","11.1203427122299","5.02767496300051e-28","Classifier_rr","0.0913012874149391","0.0836627689051961","0.00364426785043293","0.999999999999989","ucla","full","",""
"185","0.126057010817767","0.0457293433363471","2.75658913119736","0.00588643174353968","Hierarchical","2.02717429072225","0.669658928108361","0.000223932962271411","1","ucla","full","",""
"186","-0.211461972036151","0.0605715893555145","-3.49110819587399","0.000489998858174223","rf_selected","0.789931735745304","0.441319476028166","0.0003591704207625","1","ucla","full","",""
"187","0.298363729059716","0.0451152586091879","6.61336625916963","4.64691133573106e-11","PermutationImportance","0.0886896224881722","0.0814645613002853","0.00128889962358247","0.999999999999952","ucla","full","",""
"188","-0.192185410536587","0.195123523676392","-0.984942291506184","0.324755034429561","kPCA","0.000996230746940214","0.000995239258989846","2.85887730743228e-05","0.072343753875565","ucla","full","",""
"189","0.0490475657343995","0.159327126705207","0.307841902058205","0.758230245423315","PCA","0.00653609681744913","0.00649365366837366","2.79273298109395e-06","0.298186154285923","ucla","full","",""
"190","-0.000363464210761115","4.66073931687574e-05","-7.79842394199292","9.39103210768588e-15","n_features:Classifier_rf","0.0241653668155405","0.0235951806207609","0.0017922047659551","0.962272188114535","ucla","full","",""
"191","-0.000527126355713654","4.66073931687584e-05","-11.3099300320232","6.58491561834185e-29","n_features:Classifier_rr","0.038882576306149","0.0374273062162616","0.00376958710060149","0.999553433915995","ucla","full","",""
"192","0.656119003093944","0.119943912033679","5.47021513613557","4.97708246650225e-08","n_features_log10:Classifier_rf","0.307552474243035","0.235212337784824","0.000881825716641416","1","ucla","full","",""
"193","0.837907727025359","0.119943912033677","6.98582956665691","3.68434660044925e-12","n_features_log10:Classifier_rr","0.0020345549592716","0.00203042395015439","0.00143816898308047","0.101734496924946","ucla","full","",""
"194","0.181114977479238","0.0238763952224863","7.58552435539632","4.75985541011885e-14","n_features_sqrt:Classifier_rf","0.0423749731399573","0.0406523316770651","0.00169568492980021","0.999872555377805","ucla","full","",""
"195","0.235985470889736","0.0238763952224867","9.88363061889197","1.35949838567902e-22","n_features_sqrt:Classifier_rr","0.056324226666688","0.0533209645720456","0.00287876993564584","0.999999537458404","ucla","full","",""
"196","-0.800179414884058","0.11106134374713","-7.20484182782755","7.81935367341383e-13","n_features_cbrt:Classifier_rf","0.0678009322696363","0.0634958541621834","0.001529758405168","0.999999997546555","ucla","full","",""
"197","-0.98924451259247","0.11106134374713","-8.90719019972266","1.03250381006398e-18","n_features_cbrt:Classifier_rr","0.0204284779856113","0.0200195098689703","0.00233805863528447","0.910176579407128","ucla","full","",""
"198","-0.000227367507039719","4.00460708222485e-05","-5.67764832782046","1.53610477407208e-08","n_features:Hierarchical","0.0954130184367322","0.0871023228963413","0.000949972260807841","0.999999999999999","ucla","full","",""
"199","0.000232863553989575","6.46398718000956e-05","3.60247549236679","0.000321821989429869","n_features:rf_selected","0.0423832739370752","0.0406599712378287","0.000382451189676392","0.999872944789176","ucla","full","",""
"200","-0.000289035626493606","3.78934363424224e-05","-7.62759080178814","3.46529041296273e-14","n_features:PermutationImportance","0.0223049557379449","0.0218182995325932","0.00171454433211171","0.941021320021576","ucla","full","",""
"201","0.000602682537436283","0.000432850853897205","1.39235612454033","0.163947904498087","n_features:kPCA","0.00807807001295012","0.00801333770989219","5.71313656204664e-05","0.383802704819358","ucla","full","",""
"202","0.000464594045764414","0.000338780300119637","1.37137267308739","0.170391318524311","n_features:PCA","5.51897726047659e-06","5.51894680153469e-06","5.54223489674932e-05","0.0501086807791897","ucla","full","",""
"203","-0.284509434640584","0.124376687444446","-2.28748200717005","0.0222572543367573","n_features_log10:Hierarchical","0.0308677303972729","0.0299434442335073","0.000154201756087602","0.993979283447812","ucla","full","",""
"204","-0.596073846976559","0.125926763433132","-4.73349612684265","2.3396367301938e-06","n_features_log10:rf_selected","0.00106004341212433","0.00105892090998973","0.000660294984437981","0.0739670376629132","ucla","full","",""
"205","0.248871962356257","0.105167469405932","2.36643482782348","0.0180419859869959","n_features_log10:PermutationImportance","0.000424389275062225","0.000424209245208176","0.000165030054469439","0.0588399165448576","ucla","full","",""
"206","-0.188337686521938","0.246125569507617","-0.765209754105249","0.444224418273475","n_features_log10:kPCA","0.0138984609260608","0.0137079416348718","1.72557937363482e-05","0.698786316246013","ucla","full","",""
"207","0.332566098111203","0.214620051944261","1.54955743929078","0.121384050687708","n_features_log10:PCA","0.0370725243161075","0.035747282322955","7.07602412605146e-05","0.999167823084033","ucla","full","",""
"208","0.0589848645193781","0.0216195365517694","2.72831308747692","0.00641386824812863","n_features_sqrt:Hierarchical","0.107995172996876","0.0974689923104751","0.000219362485769481","1","ucla","full","",""
"209","-0.0810108586466187","0.0268397127781844","-3.01832062496829","0.00256943832195499","n_features_sqrt:rf_selected","0.0375506614050417","0.0361916413355575","0.000268475517994138","0.999292666107195","ucla","full","",""
"210","0.114821908956615","0.0198245718601866","5.79189854723724","7.90267644648745e-09","n_features_sqrt:PermutationImportance","0.139155147848247","0.122156449111517","0.000988589146772356","1","ucla","full","",""
"211","-0.0952502324122859","0.0878822578312604","-1.08383915892526","0.278548644665812","n_features_sqrt:kPCA","0.0292925080522009","0.0284588761921847","3.46181314052618e-05","0.990450254851013","ucla","full","",""
"212","0.0246864301887203","0.0715785171240014","0.344886024195695","0.730211293282934","n_features_sqrt:PCA","0.017633446406119","0.0173278958827399","3.50529955595036e-06","0.841509346528673","ucla","full","",""
"213","-0.094842314369518","0.104430736714698","-0.908183905937813","0.363875311112387","n_features_cbrt:Hierarchical","0.000887376409819004","0.000886589671059717","2.43064508449464e-05","0.0696291286837276","ucla","full","",""
"214","0.434400435538189","0.121076297297057","3.58782391959345","0.00034034666015398","n_features_cbrt:rf_selected","0.0224536318249676","0.0219605379902562","0.00037934659314498","0.94302905513049","ucla","full","",""
"215","-0.431074625497959","0.0937631657553522","-4.59748369229259","4.50568120533426e-06","n_features_cbrt:PermutationImportance","0.000820727330137449","0.000820054289170131","0.000622894277543251","0.0680007493420834","ucla","full","",""
"216","0.31580876054175","0.326848844558181","0.966222661636284","0.33403339625765","n_features_cbrt:kPCA","0.00204402395671475","0.00203985444536023","2.75123941393396e-05","0.102031975009076","ucla","full","",""
"217","-0.218993844311359","0.271460210863564","-0.806725389384692","0.419907331931551","n_features_cbrt:PCA","0.000360084271040852","0.000359954657030567","1.91789751698979e-05","0.0574368629206397","ucla","full","",""
"218","-0.186261159856108","0.0646710575446782","-2.8801316528252","0.00401151723921788","Classifier_rf:Hierarchical","0.0410463494081006","0.0394279749709876","0.000244454832178498","0.999793006071668","ucla","full","",""
"219","0.229622168681224","0.0856611631610575","2.68058663001686","0.00740128178708434","Classifier_rf:rf_selected","0.0447216301398486","0.0428072214163519","0.000211754983764911","0.999947117386547","ucla","full","",""
"220","-0.265939219130888","0.0638026105950754","-4.16815576432564","3.18327171362756e-05","Classifier_rf:PermutationImportance","0.060395753291359","0.0569558611526846","0.000511990410343555","0.999999923579906","ucla","full","",""
"221","0.235548572574565","0.275946333521118","0.853602834902454","0.393413134242222","Classifier_rf:kPCA","0.00150001396027262","0.00149776728843073","2.1472649924914e-05","0.0858074822389743","ucla","full","",""
"222","-0.255897161467072","0.225322583440392","-1.1356924705897","0.256202498862157","Classifier_rf:PCA","1.04771034375528e-05","1.04769936690064e-05","3.80097872920704e-05","0.050206457074797","ucla","full","",""
"223","-0.279670248172466","0.0646710575446738","-4.32450401757037","1.59335724060928e-05","Classifier_rr:Hierarchical","0.00247915341265422","0.00247302241070515","0.000551120487684353","0.116278439866669","ucla","full","",""
"224","-0.099558767691068","0.0856611631610504","-1.16223926943286","0.245257729382261","Classifier_rr:rf_selected","0.000982297086142125","0.000981333125472439","3.98075121722519e-05","0.0719924487908545","ucla","full","",""
"225","-0.338731989389162","0.063802610595074","-5.30906159214925","1.20664661686731e-07","Classifier_rr:PermutationImportance","0.00338079895416622","0.00336940766425874","0.000830633559736782","0.149351889403611","ucla","full","",""
"226","0.156620318984518","0.275946333521183","0.567575285331687","0.570378263024951","Classifier_rr:kPCA","0.00563243205353687","0.00560088544681803","9.49338072997463e-06","0.25108622966568","ucla","full","",""
"227","-0.323367451667715","0.225322583440415","-1.43513112059283","0.151384414307498","Classifier_rr:PCA","0.00858856478456749","0.00851542946692241","6.06955862433312e-05","0.412990075884573","ucla","full","",""
"228","0.00017113009203731","5.66336964765642e-05","3.02170090748228","0.0025410334871744","n_features:Classifier_rf:Hierarchical","0.000289792377781547","0.000289708422488931","0.000269077197794565","0.0559293982036594","ucla","full","",""
"229","-0.00034656166607253","9.14145833697494e-05","-3.79109823944363","0.000153804965047982","n_features:Classifier_rf:rf_selected","1.04105982226142e-05","1.04104898431871e-05","0.000423549353596009","0.0502051446813409","ucla","full","",""
"230","0.000224994686380493","5.35894116003646e-05","4.1984914493624","2.78825368426214e-05","n_features:Classifier_rf:PermutationImportance","0.00143705310067432","0.00143499094249097","0.000519470024756385","0.0840432306846833","ucla","full","",""
"231","-0.00057689218711364","0.000612143548066099","-0.94241324430548","0.34607914637207","n_features:Classifier_rf:kPCA","0.0339432915577029","0.0328289683146598","2.61731930210063e-05","0.997671065868113","ucla","full","",""
"232","1.16645681931415e-05","0.000479107695093942","0.0243464430076715","0.980578359918437","n_features:Classifier_rf:PCA","0.0300334502962814","0.029157742680728","1.74680723219467e-08","0.992296182400157","ucla","full","",""
"233","0.000302490315616744","5.6633696476567e-05","5.3411720307168","1.01341310999368e-07","n_features:Classifier_rr:Hierarchical","0.00122661627105792","0.00122511352687197","0.000840711674929051","0.0783161679340418","ucla","full","",""
"234","0.000179584054052045","9.14145833697436e-05","1.9645011488559","0.0495910959673232","n_features:Classifier_rr:rf_selected","0.00643308619276065","0.00639196612374539","0.000113730911669885","0.292676338195892","ucla","full","",""
"235","0.000392680907412949","5.35894116003646e-05","7.32758385819405","3.21758550737757e-13","n_features:Classifier_rr:PermutationImportance","0.0178450784970719","0.0175322147486546","0.00158232445712947","0.847792670113846","ucla","full","",""
"236","-0.000458838429608769","0.000612143548066205","-0.749560182506645","0.453595570886935","n_features:Classifier_rr:kPCA","9.0153757942361e-05","9.01456309749665e-05","1.65572025909722e-05","0.0517958175421091","ucla","full","",""
"237","8.60019757043566e-05","0.000479107695093972","0.179504475893438","0.857557265090024","n_features:Classifier_rr:PCA","2.13692388947169e-05","2.13687822601039e-05","9.49564588070828e-07","0.0504217145699444","ucla","full","",""
"238","-0.27123837231886","0.175895198226967","-1.54204534889501","0.123198835859341","n_features_log10:Classifier_rf:Hierarchical","0.00105512658914712","0.001054014470454","7.00758279581493e-05","0.0738411209058474","ucla","full","",""
"239","0.263731296477511","0.178087336712879","1.48090988020508","0.138766263276267","n_features_log10:Classifier_rf:rf_selected","0.00933257591169463","0.00924628426191916","6.46295612235503e-05","0.455749131862712","ucla","full","",""
"240","-0.580228972053831","0.148729261554322","-3.90124287574648","9.84203106644062e-05","n_features_log10:Classifier_rf:PermutationImportance","0.025550464679503","0.0249139028838409","0.000448518048009272","0.973442000058371","ucla","full","",""
"241","0.173650327884265","0.348074118444402","0.498888939690015","0.61790488381303","n_features_log10:Classifier_rf:kPCA","0.00275646057194257","0.0027488833832797","7.33468889613231e-06","0.125944157008037","ucla","full","",""
"242","-0.460622844092785","0.303518588216744","-1.5176099981193","0.129248873411095","n_features_log10:Classifier_rf:PCA","0.00741845643124564","0.00736382819263143","6.78725715985706e-05","0.34657194995934","ucla","full","",""
"243","-0.117788872483742","0.175895198226971","-0.669653712387022","0.503145147187735","n_features_log10:Classifier_rr:Hierarchical","0.0139387743232144","0.0137471558206444","1.32152233586202e-05","0.700644271382974","ucla","full","",""
"244","-0.228874449383201","0.178087336712878","-1.28518093205136","0.198857237926682","n_features_log10:Classifier_rr:rf_selected","0.0226843743907888","0.0221812075737461","4.86746114056746e-05","0.946030632664655","ucla","full","",""
"245","-0.521753775876782","0.14872926155432","-3.50807749883316","0.000459936218904879","n_features_log10:Classifier_rr:PermutationImportance","0.0429373910055932","0.0411696726724826","0.00036267056116257","0.999896506832797","ucla","full","",""
"246","0.104289859256316","0.348074118444491","0.299619689399422","0.764494080504407","n_features_log10:Classifier_rr:kPCA","0.00347905479803315","0.00346699293961184","2.64554190543276e-06","0.153239594354129","ucla","full","",""
"247","-0.582417198260961","0.303518588216777","-1.91888477632543","0.0551213800983274","n_features_log10:Classifier_rr:PCA","0.00383022305126425","0.0038156084199396","0.000108510494069902","0.16757571184104","ucla","full","",""
"248","-0.0833619216008983","0.0305746418037305","-2.72650525674277","0.00644899454839448","n_features_sqrt:Classifier_rf:Hierarchical","0.000312344605642393","0.00031224707695228","0.000219071874799526","0.056410074749299","ucla","full","",""
"249","0.0848884861352264","0.0379570858211055","2.23643317970489","0.0254180281804598","n_features_sqrt:Classifier_rf:rf_selected","0.00894325590497959","0.00886398303634813","0.000147396034608893","0.433365912696865","ucla","full","",""
"250","-0.124924652301723","0.028036178392914","-4.45583740233645","8.75336604935811e-06","n_features_sqrt:Classifier_rf:PermutationImportance","0.00841855565143835","0.00834827523180586","0.000585103391556152","0.403245499095771","ucla","full","",""
"251","0.0976101904122963","0.124284280916914","0.785378405798158","0.432311864836309","n_features_sqrt:Classifier_rf:kPCA","0.00131474721503359","0.00131302092442992","1.81774039424987e-05","0.0806829423365887","ucla","full","",""
"252","-0.102354429437868","0.1012273096913","-1.01113454215079","0.312057390051038","n_features_sqrt:Classifier_rf:PCA","0.000284428441566881","0.000284347565032096","3.01294941338348e-05","0.055815484298244","ucla","full","",""
"253","-0.103337957241399","0.0305746418037309","-3.37985831215165","0.00073722099141882","n_features_sqrt:Classifier_rr:Hierarchical","0.0120020966315605","0.0118597547095104","0.000336644044000578","0.604565523866731","ucla","full","",""
"254","-0.0789045709956783","0.037957085821104","-2.07878369186624","0.037746785317263","n_features_sqrt:Classifier_rr:rf_selected","0.0031816021925176","0.00317151170392679","0.000127348123062032","0.141638845241174","ucla","full","",""
"255","-0.160987161886562","0.0280361783929132","-5.74212218335917","1.05725784477423e-08","n_features_sqrt:Classifier_rr:PermutationImportance","0.0597903554839629","0.0564171538027058","0.000971670023976912","0.999999899702155","ucla","full","",""
"256","0.0666792465682799","0.124284280916941","0.536505872475069","0.591660373366026","n_features_sqrt:Classifier_rr:kPCA","0.0029947422056329","0.00298580050284942","8.48248120943751e-06","0.134611023187147","ucla","full","",""
"257","-0.133829688275347","0.10122730969131","-1.32207097752036","0.18627473620366","n_features_sqrt:Classifier_rr:PCA","0.000442608620694954","0.000442412804973567","5.15090439834331e-05","0.0592416243551505","ucla","full","",""
"258","0.352156114636095","0.147687364190531","2.38447017161048","0.0171835826347285","n_features_cbrt:Classifier_rf:Hierarchical","0.00064982930508595","0.0006494073011907","0.000167555132001951","0.0639415577566647","ucla","full","",""
"259","-0.328833455780231","0.17122774171941","-1.92044497274916","0.0549240694634309","n_features_cbrt:Classifier_rf:rf_selected","0.0117406896926767","0.0116044454990172","0.000108687020052733","0.590648490191002","ucla","full","",""
"260","0.580920919080602","0.132601140662249","4.38096472005679","1.2340614983066e-05","n_features_cbrt:Classifier_rf:PermutationImportance","0.00245319390798397","0.00244719047521849","0.000565605283708859","0.115396907352198","ucla","full","",""
"261","-0.327902645328973","0.462234068820064","-0.709386580193026","0.478155835445108","n_features_cbrt:Classifier_rf:kPCA","2.64568149380054e-05","2.64561149934671e-05","1.48299567047649e-05","0.0505224771732614","ucla","full","",""
"262","0.47641841489151","0.383902711847844","1.24098736525814","0.214735776606165","n_features_cbrt:Classifier_rf:PCA","0.000114154555864466","0.000114141526089249","4.53846160795024e-05","0.0522812876379648","ucla","full","",""
"263","0.340478644630542","0.147687364190532","2.30540132188485","0.0212318669307603","n_features_cbrt:Classifier_rr:Hierarchical","0.000245140732091546","0.000245080652840887","0.000156627141474353","0.054985956375435","ucla","full","",""
"264","0.289825686173727","0.171227741719404","1.69263276653308","0.0906595411304733","n_features_cbrt:Classifier_rr:rf_selected","0.000550677512408502","0.000550374433584523","8.44305141338708e-05","0.0616625565249033","ucla","full","",""
"265","0.640886794374557","0.132601140662245","4.83319216692856","1.43138816579515e-06","n_features_cbrt:Classifier_rr:PermutationImportance","0.00849490309080608","0.00842334756950297","0.000688401918741754","0.407619175912009","ucla","full","",""
"266","-0.213385254703283","0.46223406882017","-0.461638959776241","0.644383493926667","n_features_cbrt:Classifier_rr:kPCA","0.000573448844456985","0.000573120189346669","6.28027778692974e-06","0.0621810432827448","ucla","full","",""
"267","0.610495337576745","0.383902711847886","1.59023450143963","0.111918086197092","n_features_cbrt:Classifier_rr:PCA","0.00108908086544744","0.00108789605866635","7.45240226942556e-05","0.0747135375923237","ucla","full","",""
"268","-0.382791043920229","0.0340958751538869","-11.2269018522785","1.5932243716112e-28","(Intercept)","NA","NA","NA","function (lambda = 1) 
{
    if (!is.numeric(lambda) || is.na(lambda)) 
        stop(""invalid argument 'lambda'"")
    if (lambda <= 0) 
        return(make.link(""log""))
    if (lambda == 1) 
        return(make.link(""identity""))
    linkfun <- function(mu) mu^lambda
    linkinv <- function(eta) pmax(eta^(1/lambda), .Machine$double.eps)
    mu.eta <- function(eta) pmax((1/lambda) * eta^(1/lambda - 1), .Machine$double.eps)
    valideta <- function(eta) all(is.finite(eta)) && all(eta > 0)
    link <- paste0(""mu^"", round(lambda, 3))
    structure(list(linkfun = linkfun, linkinv = linkinv, mu.eta = mu.eta, valideta = valideta, name = link), class = ""link-glm"")
}","ucla","final","",""
"269","0.00040502924871339","2.79638144711263e-05","14.4840486311908","1.35774342341734e-45","n_features","0.581965603347716","0.3678750044351","0.00616234990592734","1","ucla","final","",""
"270","0.050187643563831","0.0698409259888084","0.718599343483408","0.47245965534148","n_features_log10","5.90577249641025","0.855193607880969","1.51684092667415e-05","1","ucla","final","",""
"271","-0.152737416083814","0.0140932924153448","-10.8375964666364","9.76116468175542e-27","n_features_sqrt","1.7198585308203","0.632333818590776","0.00345010536305501","1","ucla","final","",""
"272","0.526848023453619","0.0651336858004367","8.08871810306929","9.58260847989685e-16","n_features_cbrt","0.0800897827965882","0.0741510419524739","0.00192187795986598","0.999999999999617","ucla","final","",""
"273","0.52227552646045","0.0506388552223645","10.3137309121038","2.02211022736569e-24","Classifier_rf","0.607077145854212","0.377752335922574","0.00312462568590466","1","ucla","final","",""
"274","0.562852664882358","0.0422789736653662","13.3128270647552","4.95752023175935e-39","Classifier_rr","0.0910097549196553","0.0834179112599753","0.00520603384084362","0.999999999999999","ucla","final","",""
"275","0.110088724319628","0.0415076547660117","2.65225113151354","0.00804976993632887","Hierarchical","2.02070135703115","0.668951054141004","0.000206631102323773","1","ucla","final","",""
"276","-0.252426792802345","0.050027746992642","-5.04573577617779","4.86564870104176e-07","rf_selected","0.787409418957162","0.440531089635056","0.000747851579165126","1","ucla","final","",""
"277","0.282888524500884","0.0418351783140629","6.76197726174842","1.71386387893848e-11","PermutationImportance","0.0884064292530949","0.0812255669178311","0.00134311691296496","0.999999999999997","ucla","final","",""
"278","0.0252833172940773","0.00811893019627497","3.11411930917666","0.00186730889188048","kPCA","0.000993049700497637","0.000992064531112142","0.000284863562057702","0.0749505461997225","ucla","final","",""
"279","-0.0177936096472162","0.0638751454877736","-0.278568596773249","0.780600560587015","PCA","0.00651522652450411","0.00647305311714079","2.27945340536273e-06","0.331103109256967","ucla","final","",""
"280","-0.000350825778888815","4.27741024436312e-05","-8.20182677944304","3.8611672509055e-16","n_features:Classifier_rf","0.0240882048183042","0.0235216114246507","0.0019760029632806","0.976453342498729","ucla","final","",""
"281","-0.000490025690994199","3.13075072908658e-05","-15.6520187455859","1.37047480335773e-52","n_features:Classifier_rr","0.0387584210525425","0.037312256889595","0.00719626461605616","0.99982897184252","ucla","final","",""
"282","0.617972045758918","0.108850092055405","5.67727628052323","1.53825097368957e-08","n_features_log10:Classifier_rf","0.306570433980675","0.234637510544808","0.000946774308660636","1","ucla","final","",""
"283","0.733375742000074","0.0725998121784624","10.1016203760599","1.63853278523492e-23","n_features_log10:Classifier_rr","0.00202805845850078","0.00202395376195423","0.00299742615649612","0.10825210281969","ucla","final","",""
"284","0.174142326297441","0.0217660919699163","8.00062439036505","1.92956357777132e-15","n_features_sqrt:Classifier_rf","0.0422396663769658","0.0405277862085209","0.0018802438181541","0.999956776855288","ucla","final","",""
"285","0.21604877347611","0.0151899446985426","14.2231441762154","4.3114322328911e-44","n_features_sqrt:Classifier_rr","0.0561443787936734","0.0531597572462597","0.00594234182804709","0.999999904150412","ucla","final","",""
"286","-0.766715007862433","0.100995975375872","-7.59154020750816","4.53862304419582e-14","n_features_cbrt:Classifier_rf","0.0675844383348103","0.0633059418140514","0.00169288009642476","0.999999999663776","ucla","final","",""
"287","-0.89478335470934","0.0690627266903528","-12.9560965456976","3.99099087899106e-37","n_features_cbrt:Classifier_rr","0.0203632481807464","0.0199568616539776","0.00493077013707155","0.937282667856463","ucla","final","",""
"288","-0.000209305670435858","3.07530477181808e-05","-6.80601390645649","1.27082345112683e-11","n_features:Hierarchical","0.0951083568472301","0.0868483527246956","0.00136066768314302","1","ucla","final","",""
"289","0.00028273524450904","4.9966467686945e-05","5.65849974187612","1.71380210577279e-08","n_features:rf_selected","0.042247940668958","0.0405354033531038","0.000940522103829999","0.999956921429984","ucla","final","",""
"290","-0.00027245592762968","3.36248578787357e-05","-8.10281276465946","8.56180945009098e-16","n_features:PermutationImportance","0.0222337341857895","0.0217501471945638","0.00192858157343023","0.961039744425838","ucla","final","",""
"291","7.23262303888057e-05","3.16797051515272e-05","2.28304619764805","0.0225170617191267","n_features:kPCA","0.00805227607318616","0.00798795485543009","0.000153107267230945","0.425582648597698","ucla","final","",""
"292","0.000610406969182981","0.000122649886407934","4.97682457815545","6.93473694419116e-07","n_features:PCA","5.50135471365697e-06","5.50132444891978e-06","0.00072756378237282","0.0501200880160843","ucla","final","",""
"293","-0.338697525823222","0.0876631422075447","-3.86362520546374","0.000114756974209828","n_features_log10:Hierarchical","0.0307691672036833","0.0298506864414224","0.000438486661695436","0.996971728159028","ucla","final","",""
"294","-0.70580472660898","0.0887591880923348","-7.95190607055511","2.83304864482175e-15","n_features_log10:rf_selected","0.00105665860661067","0.00105554325774273","0.00185741474444145","0.076779078476265","ucla","final","",""
"295","0.20131231490279","0.0934460710776241","2.15431545255191","0.0313173630263427","n_features_log10:PermutationImportance","0.000423034165316967","0.000422855283085237","0.000136327979766704","0.0598143448479716","ucla","final","",""
"296","0.266703478199459","0.100554639456132","2.65232394688074","0.00804803929083107","n_features_log10:PCA","0.0490789761465637","0.0467829184098595","0.000206642448250971","0.999997600889338","ucla","final","",""
"297","0.0490691057453582","0.0158406766650798","3.09766475150201","0.00197370206401877","n_features_sqrt:Hierarchical","0.1076337796974","0.0971745189342323","0.000281861159177832","1","ucla","final","",""
"298","-0.103368244808663","0.0196044310324477","-5.27269802615421","1.46778694546429e-07","n_features_sqrt:rf_selected","0.0373087789781143","0.0359668979326178","0.000816642926617872","0.999703011798202","ucla","final","",""
"299","0.105852126091471","0.017499829874341","6.04875172224824","1.69494477318461e-09","n_features_sqrt:PermutationImportance","0.138447348879168","0.1216106735331","0.00107472641529216","1","ucla","final","",""
"300","-0.0034375955713686","0.0011588301417588","-2.96643610438992","0.00304327728790438","n_features_sqrt:kPCA","0.0135847523209046","0.0134026802295499","0.000258485628826244","0.737772308676792","ucla","final","",""
"301","-0.00289792343124107","0.0277712442884399","-0.104349787180669","0.916900723312555","n_features_sqrt:PCA","0.0353165256096556","0.0341118148277012","3.19852346830629e-07","0.999379230845185","ucla","final","",""
"302","-0.0472797107658742","0.0751057388835587","-0.629508629682414","0.52907765438827","n_features_cbrt:Hierarchical","0.000885512340502156","0.000884728902141311","1.16404503273104e-05","0.0719234500134828","ucla","final","",""
"303","0.537367078529264","0.0869411516605267","6.18081389843425","7.50214208606728e-10","n_features_cbrt:rf_selected","0.0223853660307343","0.0218952332207593","0.00112216763946582","0.962568029458453","ucla","final","",""
"304","-0.388432770529693","0.0828138029507007","-4.69043512904399","2.88344749912839e-06","n_features_cbrt:PermutationImportance","0.000816125699429803","0.000815460181418885","0.000646238270439525","0.0700129378483691","ucla","final","",""
"305","-0.119518713205509","0.111394354641086","-1.07293330609616","0.283411817380115","n_features_cbrt:PCA","0.00215976195162427","0.0021551074325897","3.38151921548402e-05","0.113034028344308","ucla","final","",""
"306","-0.174475918117535","0.061383300456362","-2.84240040565384","0.00451638091117746","Classifier_rf:Hierarchical","0.0409152850496008","0.0393070268419117","0.000237321409341296","0.999926465025547","ucla","final","",""
"307","0.266403944687852","0.0782332350808249","3.40525282397721","0.000672193427275832","Classifier_rf:rf_selected","0.0445788303086853","0.0426763677524574","0.000340616066523913","0.999983481073865","ucla","final","",""
"308","-0.254647059331655","0.0611522734029719","-4.16414705719312","3.23854641536303e-05","Classifier_rf:PermutationImportance","0.0602029047000608","0.0567843234848453","0.000509352594096901","0.999999986306894","ucla","final","",""
"309","-0.0110041335997827","0.00596193693887358","-1.84573129716159","0.0650576387504644","Classifier_rf:kPCA","0.00149522429273148","0.00149299193492154","0.000100069875305753","0.0901608290985732","ucla","final","",""
"310","-0.244086121879107","0.044195785860332","-5.52283701098721","3.70523252075722e-08","Classifier_rf:PCA","1.04436491873958e-05","1.04435401187265e-05","0.000895964616889677","0.0502281403184815","ucla","final","",""
"311","-0.243550630416621","0.0523681199855208","-4.65074229290568","3.49187137284239e-06","Classifier_rr:Hierarchical","0.00247123727257497","0.0024651453135937","0.000635346959474092","0.124829163365668","ucla","final","",""
"312","-0.0134460813991226","0.0521219856503662","-0.257973314549425","0.796450216659185","Classifier_rr:rf_selected","0.000979160531020736","0.000978202713532307","1.95486140874834e-06","0.0745550429742266","ucla","final","",""
"313","-0.303598535511892","0.0544317783864916","-5.57759721455724","2.71987714649981e-08","Classifier_rr:PermutationImportance","0.0033700037859594","0.00335868500477746","0.000913820092694695","0.162607291213975","ucla","final","",""
"314","-0.289872468879526","0.0413742155143609","-7.00611395952419","3.19215643467315e-12","Classifier_rr:PCA","0.0141604139465625","0.0139626963859276","0.00144185238494499","0.763258839979238","ucla","final","",""
"315","0.000157009522425094","5.00927879613348e-05","3.13437380539261","0.00174359099147088","n_features:Classifier_rf:Hierarchical","0.000288867046963275","0.000288783626889764","0.000288581166231316","0.0565732518339097","ucla","final","",""
"316","-0.000392492089600391","8.14031927343275e-05","-4.82158102669698","1.5158078817724e-06","n_features:Classifier_rf:rf_selected","1.03773563290577e-05","1.03772486406509e-05","0.000682881495932208","0.050226689913833","ucla","final","",""
"317","0.000212356254508197","5.02686396776133e-05","4.22442811005223","2.48733370035437e-05","n_features:Classifier_rf:PermutationImportance","0.00143246447231804","0.00143041545300096","0.000524206321016241","0.0881625598101948","ucla","final","",""
"318","0.000262425375417402","2.4565891518384e-05","10.6825097400196","4.85150534470853e-26","n_features:Classifier_rr:Hierarchical","0.00122288047548948","0.00122138686533884","0.00335206939408639","0.081691321413396","ucla","final","",""
"319","7.58994060215367e-05","4.09204833526078e-05","1.85480228489774","0.0637503332315714","n_features:Classifier_rr:rf_selected","0.00641469598376518","0.00637380993080079","0.000101055894423219","0.325079015374851","ucla","final","",""
"320","0.000355580242693487","4.09569567710658e-05","8.6818033058718","7.174716968523e-18","n_features:Classifier_rr:PermutationImportance","0.0177917743525089","0.0174807606043265","0.00221404421899907","0.885807245545436","ucla","final","",""
"321","-0.226462971254717","0.15134372659884","-1.49634858572626","0.134697870178655","n_features_log10:Classifier_rf:Hierarchical","0.00845331098754288","0.00838245151802304","6.57706237832123e-05","0.450556182903757","ucla","final","",""
"322","0.364049485991543","0.153248244649509","2.37555403537674","0.0176028463289285","n_features_log10:Classifier_rf:rf_selected","0.0217648767430282","0.021301257499089","0.00016576629579379","0.955966723220278","ucla","final","",""
"323","-0.542082014718807","0.139846948676802","-3.87625200154779","0.000109000902191047","n_features_log10:Classifier_rf:PermutationImportance","0.0505018373259862","0.0480740114215666","0.000441357400259079","0.999998722845465","ucla","final","",""
"324","-0.49653956456787","0.110659173731416","-4.48710710395357","7.56961276372563e-06","n_features_log10:Classifier_rf:PCA","0.00062475583689729","0.000624365760743907","0.000591424454146838","0.0649159761114124","ucla","final","",""
"325","-0.417221790851441","0.113927868592758","-3.66215743351458","0.000255653814830968","n_features_log10:Classifier_rr:PermutationImportance","0.0128098754352954","0.0126478579504271","0.000393949384762893","0.700875342676579","ucla","final","",""
"326","-0.529017865046105","0.0887399805028279","-5.96143769751275","2.87950330086524e-09","n_features_log10:Classifier_rr:PCA","4.19643818969157e-05","4.19626209614643e-05","0.00104392290075817","0.0509209927622422","ucla","final","",""
"327","-0.075443294510235","0.0266053014059411","-2.83564893173464","0.00461261780015244","n_features_sqrt:Classifier_rf:Hierarchical","0.000439863795833997","0.000439670400742611","0.000236195342521284","0.0602294326678901","ucla","final","",""
"328","0.105248740613932","0.0330665394724313","3.18293786689357","0.00147704379851872","n_features_sqrt:Classifier_rf:rf_selected","0.0175650848336441","0.0172618784738627","0.000297593011162722","0.879997405122389","ucla","final","",""
"329","-0.11795200111993","0.0262489822411433","-4.49358379065261","7.34481519854699e-06","n_features_sqrt:Classifier_rf:PermutationImportance","0.0228077374843488","0.0222991444515717","0.000593133009461511","0.966553109477822","ucla","final","",""
"330","-0.104715008021024","0.0174676045675003","-5.9948121458997","2.35345244060825e-09","n_features_sqrt:Classifier_rf:PCA","0.00298283980433112","0.00297396893142562","0.00105564419272375","0.145664445489484","ucla","final","",""
"331","-0.0815093080100093","0.00874143523958432","-9.32447656203025","2.50048548913825e-20","n_features_sqrt:Classifier_rr:Hierarchical","0.0341763151752608","0.0330468941067066","0.00255396728056478","0.999064133399055","ucla","final","",""
"332","-0.0321926669882581","0.0102832302257834","-3.13059868168083","0.00176606223817268","n_features_sqrt:Classifier_rr:rf_selected","0.0459063706205195","0.0438914724205036","0.000287886435097251","0.999990551432367","ucla","final","",""
"333","-0.141050464472931","0.0211182558228117","-6.67907736587649","2.99494491993514e-11","n_features_sqrt:Classifier_rr:PermutationImportance","0.0272604884328836","0.0265370748119304","0.00131038633026781","0.990706993534914","ucla","final","",""
"334","-0.117746459295418","0.0144423537851343","-8.15285797919009","5.73117176469814e-16","n_features_sqrt:Classifier_rr:PCA","0.0162552595619685","0.015995252579529","0.00195247804913934","0.841822319453906","ucla","final","",""
"335","0.313770958979141","0.127756789783397","2.4560022172686","0.0141215247676214","n_features_cbrt:Classifier_rf:Hierarchical","0.000100630972618586","0.000100620847044882","0.000177183760550981","0.0522277532990453","ucla","final","",""
"336","-0.4226226508247","0.148260696817357","-2.85053732983145","0.00440281626694225","n_features_cbrt:Classifier_rf:rf_selected","0.0142987579964588","0.0140971857490027","0.000238682111609934","0.769134146945393","ucla","final","",""
"337","0.547456512058993","0.124224171997806","4.40700471779891","1.09545511542195e-05","n_features_cbrt:Classifier_rf:PermutationImportance","0.000305571161921231","0.000305477816709838","0.000570497094180999","0.0569702125786248","ucla","final","",""
"338","0.494146318487356","0.0908318215816677","5.44023349837881","5.875570645501e-08","n_features_cbrt:Classifier_rf:PCA","0.00301963452115686","0.00301054377923364","0.00086936366800594","0.147231743770561","ucla","final","",""
"339","0.236175989476591","0.0302867884466351","7.79798722775544","9.39874860843589e-15","n_features_cbrt:Classifier_rr:Hierarchical","0.00931608446900681","0.00923009611395218","0.00178620559288056","0.503968057058582","ucla","final","",""
"340","0.0747149522450067","0.0332530722982578","2.24685862331347","0.0247420512821519","n_features_cbrt:Classifier_rr:rf_selected","0.00214132665746358","0.00213675117521173","0.000148292060292765","0.112357297861701","ucla","final","",""
"341","0.546425636491396","0.100005590265353","5.46395091555905","5.15040268260068e-08","n_features_cbrt:Classifier_rr:PermutationImportance","0.00253626364578106","0.00252984728608","0.00087696040316898","0.127377274865209","ucla","final","",""
"342","0.547584694158436","0.0740211438972929","7.39767943762433","1.92178868896533e-13","n_features_cbrt:Classifier_rr:PCA","0.0234170565091356","0.022881245099638","0.00160752383938845","0.9716465094313","ucla","final","",""
